Order ID,Order Date,CustomerName,State,City
B-26055,12/14/2019,Harivansh,Uttar Pradesh,Mathura
B-25993,8/30/2022,Madhav,Delhi,Delhi
B-25973,11/10/2023,Madan Mohan,Uttar Pradesh,Mathura
B-25923,9/30/2023,Gopal,Maharashtra,Mumbai
B-25757,4/12/2022,Vishakha,Madhya Pradesh,Indore
B-25967,1/13/2024,Sudevi,Uttar Pradesh,Prayagraj
B-25955,10/18/2024,Shiva,Maharashtra,Pune
B-26093,10/15/2024,Sarita,Maharashtra,Pune
B-25798,12/16/2023,Shishu,Andhra Pradesh,Hyderabad
B-25602,11/19/2022,Vrinda,Maharashtra,Pune
B-25858,11/17/2019,Uudhav,Maharashtra,Mumbai
B-25969,2/27/2020,Shreyshi,Gujarat,Surat
B-26099,6/5/2023,Bhishm,Maharashtra,Mumbai
B-25997,2/23/2019,Yogesh,Maharashtra,Pune
B-25881,9/6/2020,Lalita,Uttar Pradesh,Mathura
B-25761,6/7/2023,Madhav,Uttar Pradesh,Mathura
B-25887,3/5/2022,Vishakha,Uttar Pradesh,Prayagraj
B-25823,7/6/2019,Rohan,Maharashtra,Mumbai
B-25853,4/18/2019,Gaurav,Gujarat,Ahmedabad
B-25862,6/29/2021,Amol,Bihar,Patna
B-25830,7/16/2023,Aastha,Himachal Pradesh,Simla
B-25786,10/4/2022,Madan Mohan,Uttar Pradesh,Mathura
B-25686,3/6/2021,Pooja,Himachal Pradesh,Simla
B-26022,2/20/2024,Shrichand,Punjab,Chandigarh
B-26003,4/29/2020,Hitesh,Madhya Pradesh,Bhopal
B-25755,12/20/2022,Shourya,Kerala ,Thiruvananthapuram
B-25902,9/18/2022,Ishpreet,Maharashtra,Mumbai
B-25935,5/7/2024,Sudhir,Nagaland,Kohima
B-25797,9/30/2024,Sauptik,Madhya Pradesh,Indore
B-25639,5/15/2022,Lisha,Madhya Pradesh,Bhopal
B-25681,9/1/2020,Bhawna,Madhya Pradesh,Indore
B-25909,1/25/2022,Sujay,Maharashtra,Pune
B-25910,12/24/2018,Jay,Delhi,Delhi
B-25950,2/16/2024,Shruti,Madhya Pradesh,Indore
B-25613,10/9/2022,Mohan,Haryana,Chandigarh
B-25919,1/16/2024,Neha,Rajasthan,Udaipur
B-25768,7/30/2024,Shreyoshe,Karnataka,Bangalore
B-25629,3/24/2023,Hemant,Kerala ,Thiruvananthapuram
B-25729,8/4/2021,Madhulika,Madhya Pradesh,Bhopal
B-25943,10/29/2022,Shardul,Gujarat,Ahmedabad
B-25842,8/30/2023,Sheetal,Maharashtra,Pune
B-26073,1/1/2020,Pournamasi,Madhya Pradesh,Indore
B-25778,11/27/2021,Surabhi,Maharashtra,Mumbai
B-25717,6/22/2022,Manshul,Uttar Pradesh,Lucknow
B-26085,9/9/2018,Shrichand,Punjab,Chandigarh
B-26048,9/6/2018,Parth,Maharashtra,Pune
B-25793,10/22/2018,Siddharth,Madhya Pradesh,Indore
B-25656,2/20/2018,Priyanka,Maharashtra,Pune
B-25608,9/10/2020,Aarushi,Tamil Nadu,Chennai
B-25752,5/10/2023,Vaibhav,Madhya Pradesh,Indore
B-25779,7/30/2018,Savi,Maharashtra,Pune
B-25603,2/23/2024,Jahan,Madhya Pradesh,Bhopal
B-26051,8/3/2022,Parishi,West Bengal,Kolkata
B-25653,7/3/2020,Farah,Nagaland,Kohima
B-25855,5/15/2021,Abhijeet,Madhya Pradesh,Bhopal
B-25762,6/24/2024,Anudeep,Madhya Pradesh,Indore
B-25995,1/6/2024,Yohann,Delhi,Delhi
B-25929,6/9/2018,Girase,Kerala ,Thiruvananthapuram
B-26006,1/17/2021,Arpita,Karnataka,Bangalore
B-25697,9/17/2024,Vijay,Jammu and Kashmir,Kashmir
B-25836,6/4/2023,Arti,Maharashtra,Pune
B-25601,10/26/2023,Bharat,Gujarat,Ahmedabad
B-25873,5/25/2021,Divyeta,Madhya Pradesh,Indore
B-26028,3/29/2019,Manju,Andhra Pradesh,Hyderabad
B-25964,8/28/2018,Oshin,Maharashtra,Pune
B-25676,9/1/2021,Chandni,Rajasthan,Jaipur
B-25839,7/10/2021,Pranjali,West Bengal,Kolkata
B-25894,6/19/2022,Monu,Punjab,Amritsar
B-25925,4/16/2020,Shruti,Maharashtra,Mumbai
B-25953,7/12/2019,Krutika,Andhra Pradesh,Hyderabad
B-25772,10/21/2018,Sanjana,Bihar,Patna
B-25957,3/9/2019,Mahima,Madhya Pradesh,Indore
B-25730,10/14/2022,Rishabh,Rajasthan,Jaipur
B-25877,1/30/2022,Dashyam,Gujarat,Surat
B-26067,6/30/2021,Tulika,Madhya Pradesh,Bhopal
B-25810,8/28/2020,Nripraj,Punjab,Chandigarh
B-25868,8/20/2023,Vikash,Goa,Goa
B-26023,12/15/2022,Mukesh,Haryana,Chandigarh
B-25626,10/25/2018,Bhishm,Maharashtra,Mumbai
B-25937,2/11/2024,Ankit,Haryana,Chandigarh
B-25610,1/17/2024,Yogesh,Bihar,Patna
B-25777,2/27/2019,Aditi,Madhya Pradesh,Indore
B-25738,11/17/2023,Ayush,Punjab,Chandigarh
B-25978,2/17/2021,Parin,Maharashtra,Mumbai
B-25643,1/7/2024,Kirti,Jammu and Kashmir,Kashmir
B-25728,8/15/2021,Ameesha,Maharashtra,Pune
B-25749,1/16/2021,Ayush,Maharashtra,Mumbai
B-25667,11/21/2023,Anjali,Haryana,Chandigarh
B-25657,5/12/2018,Tulika,Madhya Pradesh,Bhopal
B-25753,5/14/2023,Shivam,Uttar Pradesh,Lucknow
B-26061,11/26/2020,Anurag,Madhya Pradesh,Indore
B-25838,10/28/2019,Sanjana,Madhya Pradesh,Indore
B-25702,1/19/2024,Shaily,Maharashtra,Mumbai
B-25952,10/13/2019,Priyanka,Madhya Pradesh,Indore
B-25666,7/14/2022,Tanvi,Punjab,Chandigarh
B-25675,2/24/2019,Shreya,Madhya Pradesh,Bhopal
B-25650,12/2/2023,Chirag,Maharashtra,Mumbai
B-25986,10/10/2022,Shweta,Rajasthan,Udaipur
B-25850,12/19/2020,Abhishek,Goa,Goa
B-25898,11/21/2020,Abhishek,Rajasthan,Udaipur
B-25813,10/15/2022,Hrisheekesh,Maharashtra,Mumbai
B-25825,8/21/2022,Kartik,Madhya Pradesh,Indore
B-25954,5/17/2021,Trupti,Gujarat,Ahmedabad
B-25696,4/16/2019,Noopur,Karnataka,Bangalore
B-25638,10/3/2020,Parth,Maharashtra,Pune
B-25747,9/18/2022,Harsh,Madhya Pradesh,Bhopal
B-25904,2/19/2024,Swapnil,Delhi,Delhi
B-25852,4/14/2023,Soumyabrata,Andhra Pradesh,Hyderabad
B-25981,5/21/2019,Amruta,Delhi,Delhi
B-25899,6/25/2020,Aishwarya,Uttar Pradesh,Prayagraj
B-25870,3/4/2018,Pranav,Andhra Pradesh,Hyderabad
B-26040,3/11/2019,Sahil,Punjab,Chandigarh
B-25671,8/19/2024,Mitali,Nagaland,Kohima
B-26100,11/19/2022,Hitika,Madhya Pradesh,Indore
B-25651,3/8/2022,Anurag,Madhya Pradesh,Indore
B-25968,6/22/2023,Paromita,Punjab,Amritsar
B-26019,3/5/2019,Jitesh,Uttar Pradesh,Lucknow
B-25664,4/16/2021,Pratyusmita,Bihar,Patna
B-26033,12/21/2023,Atharv,West Bengal,Kolkata
B-26052,5/19/2018,Ajay,Karnataka,Bangalore
B-25999,3/13/2021,Diwakar,Delhi,Delhi
B-25781,3/4/2022,Rutuja,Gujarat,Ahmedabad
B-25764,5/3/2022,Sanjova,Maharashtra,Pune
B-25803,6/26/2020,Shivanshu,Madhya Pradesh,Indore
B-25945,8/10/2022,Mhatre,Madhya Pradesh,Indore
B-26086,11/12/2019,Mukesh,Haryana,Chandigarh
B-25845,3/16/2018,Snel,Kerala ,Thiruvananthapuram
B-25817,10/2/2023,Praneet,Maharashtra,Mumbai
B-25951,10/18/2019,Jesal,West Bengal,Kolkata
B-25970,11/19/2018,Rhea,Maharashtra,Mumbai
B-25878,6/7/2021,Mrinal,Maharashtra,Mumbai
B-26057,5/26/2022,Sharda,Kerala ,Thiruvananthapuram
B-25885,3/10/2023,Shatayu,Madhya Pradesh,Indore
B-25897,5/3/2022,Rohan,Madhya Pradesh,Indore
B-25756,4/17/2019,Mohan,Maharashtra,Mumbai
B-25859,9/8/2020,Chikku,Madhya Pradesh,Indore
B-25691,11/7/2022,Akancha,Maharashtra,Mumbai
B-25633,10/4/2021,Amit,Sikkim,Gangtok
B-25708,12/12/2018,Kishwar,Madhya Pradesh,Indore
B-25831,4/15/2023,Mahima,Sikkim,Gangtok
B-25856,10/6/2019,Abhijeet,Maharashtra,Mumbai
B-25893,10/20/2024,Vrinda,Uttar Pradesh,Mathura
B-25959,1/28/2023,Muskan,Madhya Pradesh,Indore
B-26000,11/29/2023,Shubham,Delhi,Delhi
B-26097,10/18/2020,Vini,Karnataka,Bangalore
B-25745,2/2/2022,Kartik,Gujarat,Ahmedabad
B-25974,6/24/2024,Manisha,Rajasthan,Udaipur
B-25670,10/30/2022,Charika,Goa,Goa
B-25848,9/19/2022,Rohan,Himachal Pradesh,Simla
B-25888,2/19/2024,Rohan,Punjab,Amritsar
B-25942,6/9/2021,Ankur,Andhra Pradesh,Hyderabad
B-25847,4/25/2019,Aniket,Haryana,Chandigarh
B-25636,8/27/2023,Nishi,Maharashtra,Mumbai
B-25826,7/4/2024,Tanushree,Maharashtra,Mumbai
B-26081,2/6/2024,Aarushi,Tamil Nadu,Chennai
B-25625,9/10/2022,Pinky,Jammu and Kashmir,Kashmir
B-25802,3/31/2024,Yash,Maharashtra,Mumbai
B-25693,5/4/2019,Parna,Madhya Pradesh,Bhopal
B-25796,9/16/2018,Sukrith,Maharashtra,Mumbai
B-25806,6/19/2024,Dhanraj,Madhya Pradesh,Indore
B-25710,2/3/2019,Megha,Maharashtra,Pune
B-25669,7/13/2019,Piyali,Sikkim,Gangtok
B-25857,10/17/2020,Anand,Madhya Pradesh,Indore
B-25785,4/17/2024,Ayush,West Bengal,Kolkata
B-25930,4/14/2019,Monica,Punjab,Chandigarh
B-26053,7/25/2022,Kirti,Jammu and Kashmir,Kashmir
B-26070,3/30/2022,Shruti,Karnataka,Bangalore
B-25791,10/9/2019,Avish,Kerala ,Thiruvananthapuram
B-25983,7/10/2023,Atul,Delhi,Delhi
B-25979,11/19/2019,Shivangi,Madhya Pradesh,Indore
B-26054,12/31/2019,Mayank,Maharashtra,Mumbai
B-26078,5/27/2019,Kasheen,West Bengal,Kolkata
B-25787,5/9/2021,Asish,Jammu and Kashmir,Kashmir
B-25682,11/26/2021,Krutika,Bihar,Patna
B-25962,8/4/2021,Tejeswini,Maharashtra,Pune
B-25750,2/22/2022,Priyanshu,Madhya Pradesh,Indore
B-25828,5/13/2022,Nikita,Punjab,Chandigarh
B-25622,4/2/2020,Monisha,Rajasthan,Jaipur
B-25751,10/9/2019,Nishant,Maharashtra,Mumbai
B-25685,9/7/2021,Sheetal,Madhya Pradesh,Indore
B-26010,9/27/2020,Kartikay,Bihar,Patna
B-26035,2/17/2019,Pinky,Jammu and Kashmir,Kashmir
B-25698,1/29/2021,Amisha,Tamil Nadu,Chennai
B-25966,6/27/2018,Soumya,Rajasthan,Udaipur
B-25832,7/12/2024,Harshita,Maharashtra,Mumbai
B-25743,12/13/2021,Aman,Nagaland,Kohima
B-25886,11/8/2021,Brijesh,Rajasthan,Udaipur
B-25975,12/20/2023,Priyanka,Uttar Pradesh,Prayagraj
B-26098,3/30/2024,Pinky,Jammu and Kashmir,Kashmir
B-25614,8/18/2019,Vandana,Himachal Pradesh,Simla
B-25726,8/2/2018,Kiran,Maharashtra,Mumbai
B-26050,9/19/2020,Paridhi,Rajasthan,Jaipur
B-25609,1/12/2024,Jitesh,Uttar Pradesh,Lucknow
B-25741,3/7/2023,Navdeep,Madhya Pradesh,Indore
B-25956,11/11/2022,Shreya,Maharashtra,Mumbai
B-25689,7/25/2023,Bhaggyasree,Maharashtra,Mumbai
B-25939,11/21/2019,Vineet,Sikkim,Gangtok
B-25890,7/28/2020,Divyansha,Maharashtra,Mumbai
B-25814,3/10/2022,Swapnil,Madhya Pradesh,Indore
B-25718,8/3/2021,Anjali,Maharashtra,Mumbai
B-25914,7/22/2019,Kajal,Delhi,Delhi
B-25903,12/2/2018,Amlan,Madhya Pradesh,Indore
B-26096,9/26/2024,Atharv,West Bengal,Kolkata
B-25654,11/12/2019,Sabah,Maharashtra,Mumbai
B-26076,5/29/2023,Jahan,Madhya Pradesh,Bhopal
B-25961,3/27/2024,Surbhi,Gujarat,Ahmedabad
B-25854,1/29/2019,Shubham,Maharashtra,Pune
B-25642,1/27/2023,Ajay,Karnataka,Bangalore
B-25683,5/2/2020,Shreya,Kerala ,Thiruvananthapuram
B-26016,9/18/2021,Hazel,Karnataka,Bangalore
B-26034,11/19/2018,Vini,Karnataka,Bangalore
B-26056,6/20/2023,Sonal,Bihar,Patna
B-25819,5/18/2021,Ankur,Madhya Pradesh,Bhopal
B-25715,9/11/2019,Srishti,Jammu and Kashmir,Kashmir
B-25933,4/15/2019,Shikhar,Maharashtra,Mumbai
B-26014,9/20/2022,Divsha,Rajasthan,Jaipur
B-25655,12/3/2021,Nida,Madhya Pradesh,Indore
B-25816,3/11/2018,Mane,Andhra Pradesh,Hyderabad
B-25634,8/23/2022,Sanjay,Goa,Goa
B-25895,10/19/2023,Sathya,Gujarat,Surat
B-25687,5/10/2024,Sanjna,Maharashtra,Mumbai
B-25662,7/5/2021,Sweta,Maharashtra,Mumbai
B-25635,1/6/2024,Nidhi,Nagaland,Kohima
B-26060,2/25/2018,Chirag,Maharashtra,Mumbai
B-26045,3/30/2019,Nidhi,Nagaland,Kohima
B-25770,3/6/2022,Sakshi,Madhya Pradesh,Indore
B-25744,7/9/2021,Devendra,Andhra Pradesh,Hyderabad
B-25618,1/12/2024,Manju,Andhra Pradesh,Hyderabad
B-25958,8/5/2022,Aparajita,West Bengal,Kolkata
B-25769,6/17/2021,Surbhi,Maharashtra,Mumbai
B-25619,2/9/2019,Ramesh,Gujarat,Ahmedabad
B-25688,3/11/2021,Swetha,Madhya Pradesh,Indore
B-25829,7/17/2018,Apoorva,Haryana,Chandigarh
B-26036,5/22/2023,Bhishm,Maharashtra,Mumbai
B-25714,3/24/2024,Stuti,Karnataka,Bangalore
B-25989,12/4/2020,Anjali,Delhi,Delhi
B-25849,1/25/2021,K,Sikkim,Gangtok
B-25851,12/30/2019,Kushal,Nagaland,Kohima
B-25782,10/18/2022,Aayushi,Maharashtra,Mumbai
B-25621,4/4/2020,Deepak,Madhya Pradesh,Bhopal
B-25996,8/7/2018,Prashant,Delhi,Delhi
B-25678,6/10/2022,Bathina,Karnataka,Bangalore
B-25727,5/29/2023,Turumella,Madhya Pradesh,Indore
B-26018,3/9/2022,Aarushi,Tamil Nadu,Chennai
B-25760,4/11/2018,Pooja,Goa,Goa
B-25804,11/25/2022,Sudheer,Karnataka,Bangalore
B-25754,11/10/2022,Akshay,Bihar,Patna
B-26020,9/15/2018,Yogesh,Bihar,Patna
B-25640,3/12/2020,Paridhi,Rajasthan,Jaipur
B-25789,5/1/2019,Akshay,Uttar Pradesh,Lucknow
B-26072,6/24/2020,Sweta,Maharashtra,Mumbai
B-26007,4/17/2019,Shubham,Jammu and Kashmir,Kashmir
B-26087,2/3/2022,Vandana,Himachal Pradesh,Simla
B-25617,7/26/2018,Sagar,Nagaland,Kohima
B-25984,12/7/2018,Kajal,Delhi,Delhi
B-25767,6/27/2019,Ashmeet,West Bengal,Kolkata
B-25987,12/20/2020,Manjiri,Delhi,Delhi
B-25840,1/11/2024,Sneha,Karnataka,Bangalore
B-25663,4/14/2022,Pournamasi,Madhya Pradesh,Indore
B-26030,2/23/2024,Sarita,Maharashtra,Pune
B-25947,3/1/2021,Chetan,Gujarat,Ahmedabad
B-25896,10/3/2023,Aman,Maharashtra,Mumbai
B-26009,5/14/2022,Komal,Uttar Pradesh,Lucknow
B-25876,8/25/2021,Bhosale,Punjab,Amritsar
B-25915,6/19/2018,Sukruta,Punjab,Amritsar
B-25795,7/29/2018,Sukant,Sikkim,Gangtok
B-26002,4/15/2020,Harsh,Delhi,Delhi
B-25645,5/24/2022,Yaanvi,Madhya Pradesh,Indore
B-25837,8/10/2018,Palak,Maharashtra,Mumbai
B-25612,12/16/2023,Shrichand,Punjab,Chandigarh
B-25812,10/13/2024,Kshitij,Madhya Pradesh,Indore
B-25843,3/16/2019,Mrunal,Maharashtra,Mumbai
B-26026,7/30/2022,Kanak,Goa,Goa
B-25773,3/14/2024,Shreya,Kerala ,Thiruvananthapuram
B-25875,8/21/2018,Divyeshkumar,Uttar Pradesh,Prayagraj
B-25660,4/27/2021,Shruti,Karnataka,Bangalore
B-25918,3/20/2019,Karandeep,Madhya Pradesh,Indore
B-25971,9/20/2020,Mitali,Madhya Pradesh,Indore
B-26063,3/28/2021,Farah,Nagaland,Kohima
B-25867,11/10/2020,Ankit,Sikkim,Gangtok
B-25703,3/23/2023,Ekta,Madhya Pradesh,Indore
B-25661,6/21/2018,Subhashree,Jammu and Kashmir,Kashmir
B-25748,9/17/2019,Nitant,Rajasthan,Jaipur
B-25766,10/31/2020,Surabhi,Rajasthan,Jaipur
B-25861,12/14/2022,Aayush,Uttar Pradesh,Lucknow
B-26058,6/20/2018,Aditya,Punjab,Chandigarh
B-25808,11/7/2019,Apsingekar,Bihar,Patna
B-25900,7/20/2019,Anand,Punjab,Amritsar
B-26084,9/19/2018,Anita,Kerala ,Thiruvananthapuram
B-25652,6/2/2021,Tushina,Goa,Goa
B-26008,6/4/2021,Kalyani,Tamil Nadu,Chennai
B-25799,6/24/2018,Divyansh,Gujarat,Ahmedabad
B-25927,9/30/2024,Shreya,Uttar Pradesh,Lucknow
B-25985,11/7/2020,Ginny,Madhya Pradesh,Indore
B-25994,5/6/2019,Omkar,Delhi,Delhi
B-25620,2/4/2021,Sarita,Maharashtra,Pune
B-25712,2/16/2019,Adhvaita,Rajasthan,Jaipur
B-25976,1/10/2021,Piyam,Punjab,Amritsar
B-26068,10/18/2022,Shefali,Rajasthan,Jaipur
B-25721,7/14/2022,Anchal,Haryana,Chandigarh
B-25863,2/10/2023,Manibalan,Kerala ,Thiruvananthapuram
B-25991,11/27/2020,Mansi,Madhya Pradesh,Indore
B-25737,2/6/2022,Shubham,Madhya Pradesh,Indore
B-26043,7/7/2023,Amit,Sikkim,Gangtok
B-25977,11/24/2019,Aayushi,Gujarat,Surat
B-25908,6/30/2023,Pradeep,Delhi,Delhi
B-25941,4/9/2022,Jaideep,Nagaland,Kohima
B-25794,4/22/2022,Aditya,Himachal Pradesh,Simla
B-26041,2/5/2024,Ritu,Haryana,Chandigarh
B-25695,5/16/2020,Suhani,West Bengal,Kolkata
B-25960,12/4/2021,Shreya,Andhra Pradesh,Hyderabad
B-26037,6/30/2019,Hitika,Madhya Pradesh,Indore
B-25921,8/21/2022,Sandra,Punjab,Amritsar
B-25944,12/5/2022,Syed,Maharashtra,Pune
B-25724,8/13/2023,Sheetal,Madhya Pradesh,Indore
B-26024,9/16/2022,Vandana,Himachal Pradesh,Simla
B-25694,5/19/2018,Subhasmita,Rajasthan,Jaipur
B-25665,8/21/2018,Chayanika,Kerala ,Thiruvananthapuram
B-26004,12/31/2022,Nandita,Rajasthan,Jaipur
B-25611,3/11/2020,Anita,Kerala ,Thiruvananthapuram
B-25901,10/20/2023,Suraj,Gujarat,Surat
B-25623,11/20/2021,Atharv,West Bengal,Kolkata
B-25713,12/28/2020,Raksha,West Bengal,Kolkata
B-26091,12/27/2020,Manju,Andhra Pradesh,Hyderabad
B-25604,10/31/2023,Divsha,Rajasthan,Jaipur
B-25827,6/24/2021,Sheetal,Madhya Pradesh,Indore
B-25835,1/15/2021,Moumita,Gujarat,Ahmedabad
B-26025,5/25/2024,Bhavna,Sikkim,Gangtok
B-25809,9/5/2023,Suman,Kerala ,Thiruvananthapuram
B-25905,3/18/2022,Bhargav,Delhi,Delhi
B-25948,2/13/2019,Mukund,Maharashtra,Pune
B-26094,7/11/2018,Deepak,Madhya Pradesh,Bhopal
B-25949,2/6/2024,Shantanu,Maharashtra,Mumbai
B-26001,4/25/2020,Patil,Delhi,Delhi
B-25771,9/15/2024,Vaibhavi,Uttar Pradesh,Lucknow
B-25659,4/3/2022,Sanskriti,West Bengal,Kolkata
B-25924,7/31/2024,Prajakta,Karnataka,Bangalore
B-25883,9/4/2022,Saptadeep,Gujarat,Surat
B-25946,5/8/2023,Saurabh,Andhra Pradesh,Hyderabad
B-26065,11/15/2019,Nida,Madhya Pradesh,Indore
B-26083,1/17/2019,Yogesh,Bihar,Patna
B-25725,10/9/2018,Anisha,Nagaland,Kohima
B-25630,7/6/2021,Sahil,Punjab,Chandigarh
B-25673,3/26/2019,Arsheen,Gujarat,Ahmedabad
B-25692,9/29/2021,Rashmi,Madhya Pradesh,Indore
B-25992,2/22/2021,Gaurav,Rajasthan,Udaipur
B-25765,9/20/2024,Meghana,Madhya Pradesh,Bhopal
B-25892,12/14/2020,Aditi,Rajasthan,Udaipur
B-26089,2/18/2022,Kanak,Goa,Goa
B-25780,6/19/2021,Teena,Andhra Pradesh,Hyderabad
B-25684,2/8/2019,Samiksha,Maharashtra,Mumbai
B-25739,8/15/2023,Daksh,Haryana,Chandigarh
B-25731,1/21/2019,Akash,West Bengal,Kolkata
B-25648,4/10/2023,Aditya,Punjab,Chandigarh
B-26038,10/16/2021,Pooja,Bihar,Patna
B-25700,3/19/2023,Shubhi,Maharashtra,Mumbai
B-26015,11/21/2018,Kasheen,West Bengal,Kolkata
B-25704,12/16/2019,Riya,Maharashtra,Mumbai
B-25811,7/5/2020,Utsav,Maharashtra,Mumbai
B-25821,6/23/2018,Ajay,West Bengal,Kolkata
B-25874,11/18/2018,Megha,Rajasthan,Udaipur
B-25668,7/28/2018,Rhea,Himachal Pradesh,Simla
B-25800,6/20/2018,Ishit,Maharashtra,Pune
B-25928,9/4/2024,Smriti,Bihar,Patna
B-26021,10/13/2019,Anita,Kerala ,Thiruvananthapuram
B-26064,5/30/2024,Ankita,Maharashtra,Mumbai
B-25882,8/29/2018,Masurkar,Punjab,Amritsar
B-25891,8/9/2024,Shivani,Madhya Pradesh,Indore
B-25820,12/7/2021,Dheeraj,Rajasthan,Jaipur
B-25889,12/24/2022,Abhishek,Gujarat,Surat
B-25871,10/12/2019,Gunjal,Gujarat,Surat
B-25637,2/21/2023,Ashmi,Madhya Pradesh,Indore
B-25616,10/23/2019,Kanak,Goa,Goa
B-25972,8/25/2024,Jesslyn,Rajasthan,Udaipur
B-25805,7/21/2022,Ankit,Maharashtra,Mumbai
B-25860,5/24/2023,Akshay,Tamil Nadu,Chennai
B-26080,9/8/2023,Sonakshi,Jammu and Kashmir,Kashmir
B-25807,6/26/2020,Vipul,Uttar Pradesh,Lucknow
B-25734,5/30/2020,Pranav,Madhya Pradesh,Indore
B-25880,8/25/2024,Apoorv,Rajasthan,Udaipur
B-25934,6/17/2019,Rahul,Madhya Pradesh,Indore
B-25913,8/20/2024,Geetanjali,Delhi,Delhi
B-25912,4/23/2023,Preksha,Delhi,Delhi
B-25824,7/16/2021,Shyam,Madhya Pradesh,Indore
B-25711,3/12/2021,Sakshi,Madhya Pradesh,Bhopal
B-25864,3/22/2024,Aromal,Maharashtra,Mumbai
B-25917,1/6/2022,Sanjay,Maharashtra,Mumbai
B-26049,7/10/2020,Lisha,Madhya Pradesh,Bhopal
B-25920,10/8/2020,Jayanti,Uttar Pradesh,Prayagraj
B-25699,2/10/2020,Kritika,Uttar Pradesh,Lucknow
B-25735,11/26/2018,Arindam,Uttar Pradesh,Lucknow
B-25701,12/8/2019,Maithilee,Madhya Pradesh,Indore
B-26092,6/12/2018,Ramesh,Gujarat,Ahmedabad
B-26082,12/29/2021,Jitesh,Uttar Pradesh,Lucknow
B-25818,5/20/2022,Sandeep,Madhya Pradesh,Indore
B-25846,5/15/2024,Soodesh,Punjab,Chandigarh
B-26011,8/29/2024,Bharat,Gujarat,Ahmedabad
B-25631,5/5/2023,Ritu,Haryana,Chandigarh
B-25606,2/18/2019,Hazel,Karnataka,Bangalore
B-25746,6/29/2018,Shivam,Maharashtra,Pune
B-26005,8/19/2021,Parnavi,West Bengal,Kolkata
B-25844,9/9/2019,Swati,Madhya Pradesh,Indore
B-25869,10/25/2018,Parakh,Nagaland,Kohima
B-26066,5/3/2019,Priyanka,Maharashtra,Pune
B-25865,4/18/2022,Arun,Madhya Pradesh,Indore
B-26039,3/29/2021,Hemant,Kerala ,Thiruvananthapuram
B-25916,5/5/2021,Utkarsh,Gujarat,Surat
B-26090,10/4/2020,Sagar,Nagaland,Kohima
B-25988,5/21/2018,Nirja,Delhi,Delhi
B-25906,8/23/2024,Abhijit,Delhi,Delhi
B-26017,7/6/2023,Sonakshi,Jammu and Kashmir,Kashmir
B-25644,3/5/2022,Mayank,Maharashtra,Mumbai
B-25679,12/19/2023,Avni,Maharashtra,Mumbai
B-25723,3/8/2018,Wale,Maharashtra,Mumbai
B-25605,1/27/2021,Kasheen,West Bengal,Kolkata
B-25792,9/13/2018,Abhishek,Maharashtra,Mumbai
B-25680,1/20/2023,Aayushi,Madhya Pradesh,Indore
B-25931,3/11/2019,Sidharth,Maharashtra,Mumbai
B-25932,5/13/2022,Bhutekar,Madhya Pradesh,Indore
B-25990,8/24/2021,Mugdha,Delhi,Delhi
B-25615,3/9/2022,Bhavna,Sikkim,Gangtok
B-26031,11/14/2019,Deepak,Madhya Pradesh,Bhopal
B-25801,2/29/2024,Aryan,Madhya Pradesh,Bhopal
B-25833,11/10/2021,Krishna,Madhya Pradesh,Indore
B-26077,7/1/2019,Divsha,Rajasthan,Jaipur
B-25936,11/2/2021,Nikhil,Punjab,Chandigarh
B-25938,7/4/2020,Shikhar,Himachal Pradesh,Simla
B-25716,12/18/2020,Surabhi,Tamil Nadu,Chennai
B-25740,4/14/2019,Rane,Maharashtra,Mumbai
B-25763,10/11/2021,Noshiba,Gujarat,Ahmedabad
B-25872,8/8/2021,Saurabh,Maharashtra,Mumbai
B-25879,9/6/2024,Siddharth,Madhya Pradesh,Indore
B-25926,7/10/2022,Dipali,Madhya Pradesh,Indore
B-26074,8/1/2020,Bharat,Gujarat,Ahmedabad
B-25627,12/30/2019,Hitika,Madhya Pradesh,Indore
B-25940,10/8/2021,Vivek,Goa,Goa
B-26047,1/15/2024,Ashmi,Madhya Pradesh,Indore
B-26069,3/11/2023,Sanskriti,West Bengal,Kolkata
B-26027,12/27/2022,Sagar,Nagaland,Kohima
B-25963,2/14/2024,Pratiksha,Maharashtra,Mumbai
B-25922,11/22/2022,Akshata,Gujarat,Surat
B-25866,11/12/2020,Komal,Himachal Pradesh,Simla
B-25607,12/15/2022,Sonakshi,Jammu and Kashmir,Kashmir
B-25775,12/1/2018,Duhita,Haryana,Chandigarh
B-25998,7/24/2018,Anmol,Rajasthan,Udaipur
B-26062,12/4/2022,Tushina,Goa,Goa
B-25722,10/17/2018,Inderpreet,Himachal Pradesh,Simla
B-25776,12/16/2021,Mousam,Maharashtra,Mumbai
B-26032,2/21/2022,Monisha,Rajasthan,Jaipur
B-25705,4/25/2024,Shweta,Madhya Pradesh,Indore
B-25628,11/10/2023,Pooja,Bihar,Patna
B-25733,4/23/2018,Dhirajendu,Maharashtra,Mumbai
B-25647,2/13/2019,Sharda,Kerala ,Thiruvananthapuram
B-25790,6/7/2020,Sajal,Bihar,Patna
B-25709,6/8/2018,Aakanksha,Madhya Pradesh,Indore
B-25911,8/18/2023,Phalguni,Madhya Pradesh,Bhopal
B-25774,10/10/2018,Snehal,Punjab,Chandigarh
B-26042,11/16/2018,Manish,Himachal Pradesh,Simla
B-25815,3/15/2020,Harsh,Nagaland,Kohima
B-25822,10/3/2018,Tejas,Karnataka,Bangalore
B-26075,11/29/2023,Pearl,Maharashtra,Pune
B-25783,12/18/2018,Shivangi,Madhya Pradesh,Indore
B-26046,8/18/2024,Nishi,Maharashtra,Mumbai
B-25690,9/19/2018,Gunjan,Madhya Pradesh,Indore
B-25706,5/13/2021,Swetlana,Goa,Goa
B-25736,6/30/2020,Akshat,Maharashtra,Mumbai
B-25720,12/13/2022,Namrata,Punjab,Chandigarh
B-25907,3/12/2022,Jaydeep,Madhya Pradesh,Bhopal
B-25719,9/17/2019,Rashmi,Madhya Pradesh,Indore
B-26013,6/23/2020,Jahan,Madhya Pradesh,Bhopal
B-26044,12/14/2020,Sanjay,Goa,Goa
B-25649,9/5/2022,Rachna,Haryana,Chandigarh
B-25658,2/6/2023,Shefali,Rajasthan,Jaipur
B-25672,8/1/2019,Akanksha,Andhra Pradesh,Hyderabad
B-25624,7/21/2019,Vini,Karnataka,Bangalore
B-25884,5/24/2021,Sumeet,Maharashtra,Mumbai
B-25641,6/3/2018,Parishi,West Bengal,Kolkata
B-25841,10/14/2021,Ashvini,Maharashtra,Mumbai
B-25980,6/21/2023,Shweta,Rajasthan,Udaipur
B-26012,4/30/2024,Pearl,Maharashtra,Pune
B-26029,1/15/2019,Ramesh,Gujarat,Ahmedabad
B-26071,3/6/2023,Subhashree,Jammu and Kashmir,Kashmir
B-25646,7/30/2019,Sonal,Bihar,Patna
B-25677,11/8/2021,Ekta,West Bengal,Kolkata
B-25759,2/7/2021,Soumya,Sikkim,Gangtok
B-26059,6/24/2019,Rachna,Haryana,Chandigarh
B-25632,5/9/2021,Manish,Himachal Pradesh,Simla
B-26079,10/6/2024,Hazel,Karnataka,Bangalore
B-25674,8/8/2019,Mahima,Maharashtra,Pune
B-25965,2/7/2024,Saloni,West Bengal,Kolkata
B-25732,9/7/2022,Anubhaw,Karnataka,Bangalore
B-25834,8/1/2018,Ananya,Andhra Pradesh,Hyderabad
B-25784,7/10/2021,Rohit,Rajasthan,Jaipur
B-25982,7/22/2018,Hemangi,Delhi,Delhi
B-25788,3/24/2020,Dinesh,Tamil Nadu,Chennai
B-25742,8/12/2021,Ashwin,Goa,Goa
B-26088,7/9/2018,Bhavna,Sikkim,Gangtok
B-25707,8/22/2023,Shivani,Maharashtra,Mumbai
B-25758,4/14/2021,Shubham,Himachal Pradesh,Simla
B-26095,8/2/2021,Monisha,Rajasthan,Jaipur
